StoreId,CompleteStoreName,FoodType,AverageRating,Reviewers,City
x4ni,Jing Jung,อาหารไทย,4.5,(500+),Kamphaeng Phet
f1kc,Inthanin Coffee (Bangchak Gas Station Kamphaeng Phet),เครื่องดื่ม,4.8,(500+),Kamphaeng Phet
o10o,Kin Plern Rim Klong,อาหารเอเชีย,4.1,-10,Kamphaeng Phet
x2gp,Ratthapoom Kai Yang WichianBuri,อาหารไทย,4.2,(100+),Kamphaeng Phet
i0pr,Krit's Kitchen,อาหารไทย,4.8,(100+),Kamphaeng Phet
n0ov,Khaow Tiew Lung Mor,อาหารไทย,4.8,(100+),Kamphaeng Phet
x5ap,Kru Torm Thai Noodles,อาหารไทย,4.8,(1000+),Kamphaeng Phet
z7qy,Fresh Fruit at Pamai,อาหารไทย,4.6,(100+),Kamphaeng Phet
ajie,Kraphrao Kha Yao Pak,อาหารไทย,4.9,-4,Kamphaeng Phet
y9ng,Ban Ban Noodle,อาหารไทย,4.7,(500+),Kamphaeng Phet
xly0,Aim Aroi  Khao Soy Kai,อาหารเอเชีย,5,-1,Kamphaeng Phet
b6dk,Jae Nee Kao Kamoo,อาหารไทย,4.6,(100+),Kamphaeng Phet
y7mp,Ninja Coffee,เครื่องดื่ม,4.8,(100+),Kamphaeng Phet
jg9e,Pa Dao Arhan Tam Sung (Rong Pak Tesa 2 Soi 3),อาหารไทย,4.7,-64,Kamphaeng Phet
le3e,Chicken Rice & Tom Yum Chicken Noodle Nakhon Chum,อาหารไทย,4.8,-81,Kamphaeng Phet
x1dw,Zaap Sud Soi,อาหารไทย,4.7,(1000+),Kamphaeng Phet
c6xo,Thammarat Pochana,Thai,4.7,(500+),Kamphaeng Phet
a8bg,COCOA NAA MHEE',Beverages,4.8,(1000+),Kamphaeng Phet
x8mm,Noodle Urai (Tonpho Market),Thai,4.7,(2000+),Kamphaeng Phet
y2ho,Shong Cha Brown Sugar (Rajabhat Kamphaengphet),Beverages,4.7,(1000+),Kamphaeng Phet
z9ce,Sweet Bites,International,4.7,(500+),Kamphaeng Phet
h7kg,Pha Or Or Jao Tamsang Ton Pho,Thai,4.5,(500+),Kamphaeng Phet
y5qa,Nom Yai,Thai,4.8,(2000+),Kamphaeng Phet
vven,3 5 Cafe,Beverages,4.5,-51,Kamphaeng Phet
xfao,Boost Up Cafe,Beverages,5,-39,Kamphaeng Phet
n1bv,Tum Mua Na Jaun,Thai,4.5,(100+),Kamphaeng Phet
z2ia,Cha Jai Story,Beverages,4.9,(100+),Kamphaeng Phet
r9pp,Bamhee Chakangrao and Moosateh Nai Phol (Tonpho),Thai,4.7,(500+),Kamphaeng Phet
tcuh,Baan Fueng Khao Soi Chiang Mai Ahan Tamsang Khanomchin Nam Ngiao,Thai,4.1,-40,Kamphaeng Phet
sfgh,Padthai Jae Joom Khwan Nakorn,Thai,4.5,(100+),Kamphaeng Phet
e7rm,i'm Bakery and Beverage,Beverages,4.7,(500+),Kamphaeng Phet
iawv,Hero Bear,Beverages,4.3,-2,Kamphaeng Phet
r1he,Kai Tod Samunpai Lungmor,Thai,4.7,(100+),Kamphaeng Phet
k6j7,Hens (Kamphaeng Phet),Beverages,4.1,-2,Kamphaeng Phet
vx7w,Proof Bakery and Coffee,Beverages,4.9,-10,Kamphaeng Phet
e9pq,Candy Co Cafe,Beverages,4.8,(100+),Kamphaeng Phet
o6fm,Good day Cafe',Beverages,5,(100+),Kamphaeng Phet
a0qk,Khao Kaeng Lang Mor,Thai,4.6,(100+),Kamphaeng Phet
dzkx,Samrauy Padthai,Thai,4.6,(100+),Kamphaeng Phet
f8eb,1 Dee Cafe,Beverages,4.9,(100+),Kamphaeng Phet
x7cx,Bank Chicken Rice,Thai,4.7,(1000+),Kamphaeng Phet
vrvu,Jae Tim Guay Tiew Kai Buffet,Asian,5,-9,Kamphaeng Phet
y0lu,Mod Dang,Thai,4.3,(2000+),Kamphaeng Phet
z5yn,Muay Esan,Thai,4.7,(500+),Kamphaeng Phet
r1yx,Mod Dang Noodle 2,Thai,4.9,(100+),Kamphaeng Phet
c6sz,Ran Derm At Mor,Thai,4.7,(500+),Kamphaeng Phet
a1uz,Cha Khaimook (Rimping),Beverages,4.1,(100+),Kamphaeng Phet
rsdq,Nai Aroi 35,Thai,4.7,(100+),Kamphaeng Phet
x6tl,Noodle Gaitun Jachai (Wijit 2),Thai,4.5,(500+),Kamphaeng Phet
e6ay,Mongni Cafe (Kamphaeng Phet),Beverages,4.8,(2000+),Kamphaeng Phet
z0tn,Khanom Jeen Pha Fak,Thai,4.6,(100+),Kamphaeng Phet
y9yu,Common Coffee,Beverages,4.8,(100+),Kamphaeng Phet
vetr,Khao Mhoo Thod Namphrik Phat Phak Sot,Thai,4.8,(100+),Kamphaeng Phet
b0kp,Lumpoon Nampun,Beverages,4.9,(100+),Kamphaeng Phet
b1he,DMG Coffee And Cafe,Beverages,4.9,(1000+),Kamphaeng Phet
ue48,Chob Chim Cha&French Fries Lae Lukchin Tod,Beverages,4.7,-14,Kamphaeng Phet
g4ic,Kanom Jeen Mea Fan,Thai,4.8,(1000+),Kamphaeng Phet
cu9m,Now Now,Thai,4.8,-57,Kamphaeng Phet
gnti,Mae Noi Phueak Chai Thao Khanom Che Thot Sut Boran,Thai,3,-11,Kamphaeng Phet
g6du,P Lek Khaotom Jok,Thai,4.8,(100+),Kamphaeng Phet
z5bt,Tok Kai Kamphangphet (L),Thai,4.5,(1000+),Kamphaeng Phet
a9mp,Sator Arhan Paktai,Thai,4.8,(500+),Kamphaeng Phet
g424,Moo Ping Sut Boran Sut Mak Ang (Kamphaeng Phet),Thai,4.8,-39,Kamphaeng Phet
b4ga,Cafe Amazon (Kamphaengphet Hospital),Beverages,4.7,(2000+),Kamphaeng Phet
u49k,Waran Coffee,Beverages,4.9,-7,Kamphaeng Phet
a8cq,Kluay Ping Pa Vee,Thai,4.8,(100+),Kamphaeng Phet
tme0,Kafae abd Idin Cafe & Restaurant,Thai,5,-1,Kamphaeng Phet
nwid,Ran Guay Tiew (Warin Kindergarten),Thai,4.9,-32,Kamphaeng Phet
fqko,Je Dok Po Cha Na (Ta Lad Sod Tet Sa Ban),Thai,4.5,(100+),Kamphaeng Phet
pb1v,Leelawadee  Cafe,Beverages,4.9,-98,Kamphaeng Phet
y3tw,Jok Khao Tom Jom Palang,Thai,4.7,(100+),Kamphaeng Phet
plux,Kekhuairuamvej,Thai,5,-18,Kamphaeng Phet
y5zx,Mae Rin Bakery,International,4.8,-77,Kamphaeng Phet
wz31,Jin Pad Thai,Thai,3.8,(100+),Kamphaeng Phet
b8rp,Som Pit Phet Pa Loh,Thai,4.5,-58,Kamphaeng Phet
a2wx,Benjawan Khamoo,Thai,4.6,(500+),Kamphaeng Phet
y4gi,Ampresso Cafe,Beverages,4.8,(2000+),Kamphaeng Phet
i12k,Rosniyom Cha Kang Rao,Beverages,4.9,(100+),Kamphaeng Phet
fjfq,Sa La Pao Boran (Kamphaeng Phet),Chinese,4.9,(100+),Kamphaeng Phet
z4mp,Coffee Corner,Beverages,4.8,(100+),Kamphaeng Phet
tdtc,Om Yim Tom Lueat Mu,Thai,3.1,-33,Kamphaeng Phet
s5pl,Sai Kok Look Chin Tam Sang And Drinks,Thai,3.8,(100+),Kamphaeng Phet
q8cv,Nate Arhan Pa,Thai,4.6,(500+),Kamphaeng Phet
a8us,Fresh Coconut By Pa Samrit,Thai,4.4,-78,Kamphaeng Phet
uttb,Zaab Soi Tan Arhan Phuenbaan Arhan Pa,Thai,4.9,-11,Kamphaeng Phet
y1xk,Khrua Lung Ka-Fair,Thai,4.5,(1000+),Kamphaeng Phet
e0tv,Kai yang Phi Paew,Thai,4.6,(500+),Kamphaeng Phet
c1zz,KONG CHA,Beverages,4.7,(2000+),Kamphaeng Phet
d3ot,Jae Mod Tamsung,Thai,4.4,(100+),Kamphaeng Phet
rkc8,Charlee Cocoa Chocolate Premium Intense,International,4.7,-3,Kamphaeng Phet
c6ro,Je Pao Tam Sang,Thai,4.9,(100+),Kamphaeng Phet
zh74,Doodee,Thai,3.6,-83,Kamphaeng Phet
d5jl,Pakee LungYo Tamsang Dimon,Thai,4.1,(100+),Kamphaeng Phet
y6of,KFC (Big C Kamphangphet),American,4.6,(1000+),Kamphaeng Phet
c7g9,Cafe Amazon (Srakaew),Beverages,5,-5,Kamphaeng Phet
y3ik,Kao Kamoo Kapaotad Kru O,Thai,4.5,(4000+),Kamphaeng Phet
c6gw,kuaytiew Ruenjam,Thai,4.7,(100+),Kamphaeng Phet
x2qm,Boonruang Home Cafe and Bisto,Thai,4.7,(2000+),Kamphaeng Phet
ztmm,Khrua Ban Rao,Thai,4.5,(100+),Kamphaeng Phet
y381,Wayside coffee salow bar,Beverages,5,-5,Kamphaeng Phet
yor9,Krau Jareonsuk,Thai,4.6,(500+),Kamphaeng Phet
qlen,Leang Muang Cafe,Beverages,4.9,-15,Kamphaeng Phet
wd2i,Nescafe Street Cafe (Kamphaeng Phet),Beverages,4.4,-60,Kamphaeng Phet
cina,Ban Rai Kitchen Prik Thai Dam,Thai,5,-49,Kamphaeng Phet
is14,Warm Cup,Beverages,5,-5,Kamphaeng Phet
g7il,Cafe Amazon (Big C Kamphaeng Phet),Beverages,4.6,(1000+),Kamphaeng Phet
g8op,Pad Thai Pa Dam,Thai,4.7,(500+),Kamphaeng Phet
opi3,4 Yaek Fai Ka Phrib,Thai,4.7,-41,Kamphaeng Phet
gt48,Na Sert Nam Tao Hoo Pa Tong Ko,Beverages,3.7,-42,Kamphaeng Phet
z4cq,Kao Moo Deng Nakhon Pathom Sakha2,Thai,4.3,(1000+),Kamphaeng Phet
nwmg,Pun Thai Coffee (BPTG Kamphaeng Phet 1),Beverages,4.8,-11,Kamphaeng Phet
c1pz,Salakafe Arhannua,Thai,4.7,(100+),Kamphaeng Phet
z9kp,Lamoon Lin Coffee and Bingsu,Beverages,4.6,(100+),Kamphaeng Phet
i22c,Pee Wi Tamsang Kilo 2,Thai,4.9,(100+),Kamphaeng Phet
zhd9,Five Star Chicken (Seven Yeak Robinson Kamphaeng Phet),Thai,4.9,-41,Kamphaeng Phet
d9nl,Kuay Jub Khan Thep,Thai,4.3,(100+),Kamphaeng Phet
q2wk,Kayasart Cafe,เครื่องดื่ม,4.8,-86,Kamphaeng Phet
ed9g,Nong Chan Jao Fresh Fruit Kanom Jeeb and Drinks,อาหารไทย,4.5,-6,Kamphaeng Phet
b4qh,Baan Suan Kru Wilai,อาหารไทย,5,-30,Kamphaeng Phet
c8vi,Lew Soy Milk,เครื่องดื่ม,4.7,-63,Kamphaeng Phet
mdgk,Cha nom dek waen,เครื่องดื่ม,4.4,-55,Kamphaeng Phet
x3am,Tieow Tao Thai Noodle,อาหารไทย,4.6,(1000+),Kamphaeng Phet
x5ko,Sriwani Coffee,เครื่องดื่ม,4.6,(500+),Kamphaeng Phet
kab1,Gluay Ping Nai Au,อาหารไทย,5,-28,Kamphaeng Phet
scw4,Sen Klook Kumuang,อาหารไทย,4.9,(100+),Kamphaeng Phet
jpwy,Pad Thai Ho Kai Na Rong Pak Jao Kao,อาหารไทย,4.9,-43,Kamphaeng Phet
fhth,Thukchai Kuai Tiew Kai Tun,อาหารไทย,4.8,(100+),Kamphaeng Phet
beg8,Fluffy Slow Bar,เครื่องดื่ม,4.8,-27,Kamphaeng Phet
k4ks,Pearly Tea (PTT Nakhonchum),เครื่องดื่ม,5,-92,Kamphaeng Phet
a8um,Malin Coffee,เครื่องดื่ม,4.8,(500+),Kamphaeng Phet
bd06,Khao Pun Yan,ฟาสต์ฟู้ด,4.9,-7,Kamphaeng Phet
g0ig,Je Bee Arhan Tamsang KuaytiewKaiMara,อาหารไทย,4.5,(500+),Kamphaeng Phet
r571,Moo Ping Earn Khwan,อาหารไทย,4.8,-12,Kamphaeng Phet
q30k,Yung Whan Cha & Rad Kao Nakorn Chum,เครื่องดื่ม,5,-1,Kamphaeng Phet
yl88,Chor Ka Cher,อาหารไทย,1,-1,Kamphaeng Phet
vl17,Cha Fae Na Ban,เครื่องดื่ม,4,-1,Kamphaeng Phet
d5ra,Ban Rim Nam,อาหารไทย,4.6,(100+),Kamphaeng Phet
hdwz,Som Tam Yum Krua Ta Kob,Thai,5,-1,Kamphaeng Phet
y6mv,Noodle Kai Sid Nay Ya (Nongping),อาหารไทย,4.7,(1000+),Kamphaeng Phet
zgwy,Kai Tod Korean (Kamphaeng Phet),อาหารเกาหลี,4.9,-9,Kamphaeng Phet
fya4,Kong Tod Yod Aroi,อาหารนานาชาติ,4.5,-20,Kamphaeng Phet
iem7,Sathanee Larb,อาหารไทย,4.5,(100+),Kamphaeng Phet
y7zj,Cheva Crepes Sa Ka 4 at Pamai,ของหวาน,4.8,(500+),Kamphaeng Phet
eict,Kao Kub Duek by Dada,อาหารไทย,4.4,-6,Kamphaeng Phet
b4tu,Kao Rad Kang By Direk,อาหารไทย,4.1,(100+),Kamphaeng Phet
b3uc,Khow Griep Pag Mor (Ton Pho Market),Thai,4.2,(100+),Kamphaeng Phet
wviu,Giant Lookchin Pla Raberd Tonpho,Thai,4.6,-98,Kamphaeng Phet
y6na,Chiffon Tonpho Sweet Home,International,4.5,(100+),Kamphaeng Phet
nrvc,Kung Dong By Krua Khun Tua,Thai,4.8,(100+),Kamphaeng Phet
y7ss,P'Kla Khao Mun Kai and Ahan Tam Sang Talad Kway,Thai,4.6,(500+),Kamphaeng Phet
f4ka,P'Kla KhuyTiew TomYum,Thai,4.6,(100+),Kamphaeng Phet
plts,Bellinee’s Bake & Brew (Tonpo Market),Beverages,5,-5,Kamphaeng Phet
q5be,Baan Suan Burger,Western,4.6,(100+),Kamphaeng Phet
f4ci,Jok Nong C,Thai,4.6,(100+),Kamphaeng Phet
vzkr,Pha Or Or Jao Saka 2 (Kao man kai tot),Thai,4.3,(100+),Kamphaeng Phet
gl2z,Im Suk Kuaitiao Kai Mara,Thai,4,-16,Kamphaeng Phet
h0in,French Fries Chesse By Jang,Thai,4.7,(500+),Kamphaeng Phet
v36b,Daifuku Bakery and Krueang Duem by Yummy For You,Beverages,4.8,-7,Kamphaeng Phet
c1gb,Look Chin Tod yai Sri Lung Mor,Thai,4.9,-32,Kamphaeng Phet
f7aw,Sushi Tum Sukoi,Japanese,4.7,(100+),Kamphaeng Phet
nain,Ruay Somtum,Thai,4.7,(100+),Kamphaeng Phet
f5hx,Kang Bo Ran Ton Pho,Thai,4.1,(100+),Kamphaeng Phet
a5aj,Khaotom Lek,Thai,4.3,(100+),Kamphaeng Phet
x7nt,Pho Tomyum Noodle,Thai,4.4,(500+),Kamphaeng Phet
s6wu,Kree Takoyaki Saka 2,Japanese,3.5,-36,Kamphaeng Phet
f0jz,Yum Zapp Zap and Goft Lookchin Tod at Tonpho Market,Thai,4.9,(100+),Kamphaeng Phet
a9ie,Pern Coffee,Beverages,4.8,(100+),Kamphaeng Phet
rm7i,Sor Khaow Tom Ar Han Tam Sang,Thai,4.3,(100+),Kamphaeng Phet
a3m0,Cha Look Chin Tod,Thai,4.1,-34,Kamphaeng Phet
l4ps,Lab Neua (Kamphaeng Phet),Thai,2.2,-2,Kamphaeng Phet
vr7h,Haru Tokyo,Desserts,4.5,(100+),Kamphaeng Phet
y6ix,Kao Tom Ta Yao at Ton Poh Market,Thai,4.3,(100+),Kamphaeng Phet
k91r,ชานมไต้หวัน Fumiko หลัง ม.ราชภัฏฯ,Beverages,3,-1,Kamphaeng Phet
l9bd,Here Mix Khaow Wat,Thai,4.8,(100+),Kamphaeng Phet
iizh,Phonlamai Sod Lae Nam Pun,Beverages,4.8,-7,Kamphaeng Phet
b3de,Kookkai Pangyen Milodib,Beverages,4.3,(100+),Kamphaeng Phet
oig8,Khao Mhoo Tod  By Krua Khun Tua,Thai,5,-73,Kamphaeng Phet
yv8b,I Nam.. Coffee Cha Pang Yen,Beverages,4.7,-76,Kamphaeng Phet
gwo0,Cha Payom Padthai Jae Joom (Khwan Nakorn),Beverages,2.7,-5,Kamphaeng Phet
a4ur,Tasty,Thai,4.5,(1000+),Kamphaeng Phet
g6mc,Wan Warn,Thai,4.5,(500+),Kamphaeng Phet
r3ie,Mala By Yoi,Chinese,4.3,(100+),Kamphaeng Phet
p5rb,Cafe Konlayum Kamphaeng Phet,Isan Thai,4.4,(100+),Kamphaeng Phet
d8sx,Je Nee Padthai Hoi Thod,Thai,4.7,(1000+),Kamphaeng Phet
a6ja,Nom Yai Tamsang,Thai,4.3,-77,Kamphaeng Phet
mfyq,กล้วยปิ้งสามแยกฟอริด้า,Desserts,5,-3,Kamphaeng Phet
z1t9,Mu Chum Si Nakhon Kamphaeng Phet (Sakha Kamphaeng Phet),Thai,4.1,-28,Kamphaeng Phet
e5ni,Lek Somtam,Thai,4.5,(100+),Kamphaeng Phet
e1jd,Phon la mai sod ChaeYen Florida,Thai,4.8,(500+),Kamphaeng Phet
f0gd,SHABU by YOI,Thai,4.7,(100+),Kamphaeng Phet
f0kh,Ban Tua Wan,Middle Eastern,4.7,(100+),Kamphaeng Phet
m8jy,Kaotom Poo Thong,Thai,4.6,(100+),Kamphaeng Phet
x0vx,Ab Zab Boat Noodle,Thai,4.7,(500+),Kamphaeng Phet
y2uu,Muanpenkam Mamngai,Thai,4.5,-35,Kamphaeng Phet
c8yc,Pa Yuen Tam Sang,Thai,4.4,(500+),Kamphaeng Phet
c0uf,New Burgers,American,4.5,(100+),Kamphaeng Phet
s5ll,Fat Boy Burger Bar,Thai,4.8,(100+),Kamphaeng Phet
c1fo,Bum Kuay Tiew Tom Yum,Thai,4.6,(100+),Kamphaeng Phet
r4hy,Makoto Sushi,Japanese,4.6,-64,Kamphaeng Phet
qp6s,Nam Som Kan Sod Good Health (Kamphaeng Phet),Beverages,5,-9,Kamphaeng Phet
osuu,Sai Krok Jek Isan 3,Thai,5,-63,Kamphaeng Phet
ov5s,Coco Bee - Korean Fried Chicken,Korean,4.8,(100+),Kamphaeng Phet
g5ap,Mala Sloth,Thai,4.6,-71,Kamphaeng Phet
z1qf,Kittiya Cake by Aoo Beauty Sakha 2,Thai,4.5,(100+),Kamphaeng Phet
b0jt,Pa Mhay Ka-Piwhan,Thai,4.7,(100+),Kamphaeng Phet
f0wf,Wang Ang Bor Shabu,Thai,4.4,(100+),Kamphaeng Phet
d8pr,Noodle Champ (Florida),Thai,4.9,(100+),Kamphaeng Phet
haf6,The Fire Bear (Rachapat Kampangphet),Beverages,4.8,-68,Kamphaeng Phet
g1cm,Jom Tam Nua,Thai,4.2,(100+),Kamphaeng Phet
a2ag,Nong Fohk Cheeseball French Fries(Khu Yang Tample) Saka 2,Thai,4.5,(100+),Kamphaeng Phet
e6on,Together,Thai,4.6,(1000+),Kamphaeng Phet
rypt,Kaphrao Tem Aim Lhang Mor Zab Lai,Thai,2.7,-7,Kamphaeng Phet
y1rc,Pad Thai Ban Mai,Thai,4,(100+),Kamphaeng Phet
y8tg,Ice Cream Jarern Phon at Night Market,Thai,4.7,(2000+),Kamphaeng Phet
e4vl,Mee Kra Ta (Night Market),Thai,4.6,(100+),Kamphaeng Phet
a5eu,Suan Esan at Night Market,Thai,3.7,-89,Kamphaeng Phet
y8me,Chakungrao Soi Milk (Night Market),Beverages,4.4,(100+),Kamphaeng Phet
a2pn,Jae Muay Yum Lak,Thai,4.5,(500+),Kamphaeng Phet
zrpr,Look Mae Wi Klauy Tod,Thai,4.9,-47,Kamphaeng Phet
z0bh,Corn Boil Bua Loi Khai Wan Nong Pun,Thai,4.2,-48,Kamphaeng Phet
nd05,Pang Mai Itim Yang Noey,Thai,3.6,-4,Kamphaeng Phet
x5np,Tongsteak,Asian,4.6,(1000+),Kamphaeng Phet
y8oj,Ya Kao Neaw Ma Muang (Night Market),Thai,4.6,(100+),Kamphaeng Phet
dpoc,Moo Tod Kra Tiam Prik Thai,Thai,4.7,-62,Kamphaeng Phet
c3ty,Som Tum Jae Win,Thai,4.4,(100+),Kamphaeng Phet
dc2j,Khaow Yum Nam and Yum Kanom Jeen,Thai,5,-11,Kamphaeng Phet
y2fv,About Dao Coffee,Thai,4.7,(100+),Kamphaeng Phet
a9zt,Somtum Zap Kang Soi,Thai,4.3,-91,Kamphaeng Phet
a7yp,Mae Chalam Khaw Rad Kang,Thai,4.8,(100+),Kamphaeng Phet
y8rd,Kluay Thod Na Wat Kro Yang,Thai,4.4,(100+),Kamphaeng Phet
vh5s,Kaprao Yok Sod,Thai,4,-1,Kamphaeng Phet
x1sy,Khanom Tokyo Loong Chon,Desserts,4.7,(500+),Kamphaeng Phet
b8cq,Pad Thai Bai Tong,Thai,4.4,(500+),Kamphaeng Phet
f5pg,Phum Puang Kanom Thai,Thai,4.7,-72,Kamphaeng Phet
d9rd,Tay Krong Kai Tod,Thai,4.7,(100+),Kamphaeng Phet
e3kd,Guay Tieow kai soot ma nao,Thai,4.7,(100+),Kamphaeng Phet
y4pr,Yum Pu Ma at Night Market,Thai,4.1,-72,Kamphaeng Phet
dcdi,Pizza Fah Mai,International,4.9,-34,Kamphaeng Phet
a3qe,Jae So Chao Khao (Ab Dung),Thai,4.6,(500+),Kamphaeng Phet
b7ep,Hua Ka Mam,Thai,4.6,(1000+),Kamphaeng Phet
d8vb,Jea Ple Kanomwan,Thai,4.6,-74,Kamphaeng Phet
a7ow,Kai Keaw Ice Cream,International,4.7,(100+),Kamphaeng Phet
d0hy,Kao Man Kai Tua Fakyao,Thai,4.6,(100+),Kamphaeng Phet
b5jl,S.Joke (Night Market),Thai,4.6,(100+),Kamphaeng Phet
d7lo,Noodle Tua Fak Yao,Thai,4.6,(100+),Kamphaeng Phet
z1bm,UB Sticky Rice,Thai,4.5,(100+),Kamphaeng Phet
x5jy,Noy Smoothies,Beverages,4.7,(100+),Kamphaeng Phet
f0dl,Maeng Pra Pao Suan E San,Thai,4,(100+),Kamphaeng Phet
y9qz,Phet Sai Grok (Night Market),Thai,4.8,(100+),Kamphaeng Phet
j4cl,Mala Lung Wat Khu Yang,Chinese,4.7,-58,Kamphaeng Phet
l2am,Krua 192,Thai,4.4,(500+),Kamphaeng Phet
f3qn,Suea Noy Pizza at Khong Than Len,Italian,4.5,(100+),Kamphaeng Phet
dlw7,Aung Aui 31 Bamee Kwang Tung Gieow Pu Moo Daeng (Branch 2),Thai,4.6,-72,Kamphaeng Phet
nebc,Yang Laek,Thai,4.8,(100+),Kamphaeng Phet
zbdd,Ruam Zap Tam Sang,Thai,5,-1,Kamphaeng Phet
qy41,Krua Pi May,Thai,4.8,-37,Kamphaeng Phet
n4gb,On Fleek Burger,American,4.4,-42,Kamphaeng Phet
dczx,Salad by G and G,International,4.9,(100+),Kamphaeng Phet
rsaa,Cold Bear Nom Mhee Pan,Beverages,4.9,-13,Kamphaeng Phet
h1mj,Ponlamaisod Lookchintod Jae Tui,Thai,4.7,(100+),Kamphaeng Phet
o6tx,Mu Tokman Khao Mu Yang,Korean,4.5,-58,Kamphaeng Phet
a6fe,Ta Chum Fried Clams,Thai,4.5,(500+),Kamphaeng Phet
z5kr,Fuji Pancake and Coffee,Beverages,4.7,(100+),Kamphaeng Phet
a2jo,Keng Tamsung,Thai,4.6,(500+),Kamphaeng Phet
l6ac,Kratathong,Thai,4.7,-17,Kamphaeng Phet
x4vb,Aod Bamee Kaew,Thai,4.3,(500+),Kamphaeng Phet
g7pp,Kuay Tiew Thai Leum Im,Thai,4.4,-78,Kamphaeng Phet
a9vq,Khaotom Chor Chuan Chim,Thai,4.2,-42,Kamphaeng Phet
xxum,Kuaitiao Ruea Khrua Ban Doi,Thai,4.3,-76,Kamphaeng Phet
dz81,Jok Hong Kong Kao Tom Pla Grapong,Thai,4.7,(100+),Kamphaeng Phet
y9vh,Kha Nam Wan Mea Sawing,Thai,4.7,(100+),Kamphaeng Phet
wprk,Sab Nua Nong Nam Ing,Thai,3.2,-3,Kamphaeng Phet
p6yi,Kinrom,Thai,4.6,(100+),Kamphaeng Phet
uslm,Wut Wit Tam Sang,Thai,3.4,-45,Kamphaeng Phet
c4bu,Bamee Goyuan,Thai,4.7,(100+),Kamphaeng Phet
f4ja,Nos and Sao Ahantamsang,Thai,4.7,(100+),Kamphaeng Phet
oqil,Mooping Nomsod by Nai Sarut,Thai,4.5,(100+),Kamphaeng Phet
x0d2,Tell Cafe,Beverages,5,-12,Kamphaeng Phet
uge5,Yun Wang,Korean,4.3,-6,Kamphaeng Phet
z1qi,Wanna Coffee at Krungsri Bank,Beverages,4.7,(100+),Kamphaeng Phet
qre3,Cake Sook Jai,Thai,4.3,-30,Kamphaeng Phet
a5ig,Khao Tom Na Yuk,Thai,4.5,(100+),Kamphaeng Phet
hfcz,Miang Pla Phao Aob Aong by Hom Pla Aob,Thai,4.8,-10,Kamphaeng Phet
a6cx,Khao Tom Na Yuk 2,Thai,4.4,(100+),Kamphaeng Phet
huk7,Zaap 49 Arhan Tamsung,Thai,4.8,-5,Kamphaeng Phet
n9ix,BuaLoy Na Bar,Thai,4.5,-80,Kamphaeng Phet
vmjk,Kaprao Neau-Horm Neau-Toon Steak Kho Khoon by Nara BBQ,Thai,4.1,(100+),Kamphaeng Phet
a1yb,Nara Sushi,Japanese,4.3,(500+),Kamphaeng Phet
z6e7,Sai Krok E San Sukhothai (Florida),Thai,5,-43,Kamphaeng Phet
y6nq,Kitti Phochana,Thai,4.6,(100+),Kamphaeng Phet
b6ag,Mai Kuay Jub Krapropra,Thai,4.8,(100+),Kamphaeng Phet
ayxw,A Ki Cha,Beverages,4.4,-13,Kamphaeng Phet
b7yz,Khao Neaw Sang Ka Ya Mea Koy,Thai,4.6,-46,Kamphaeng Phet
jvs3,Khrua Ban Ladda,Thai,1,-1,Kamphaeng Phet
vme8,Tor Roti Thai Baitoey and Mad Ta Ba Malaysia (Branch 3),Thai,4.2,-7,Kamphaeng Phet
jtaf,Kanom Tua Klom,Asian,3.6,-2,Kamphaeng Phet
g7tt,Somjai Pollamai Yak Kak,Beverages,4.8,(100+),Kamphaeng Phet
e9zw,MungMing Coffee,Thai,4.9,-49,Kamphaeng Phet
r81v,La Gla Ce Cha Nom and Bakery,Beverages,5,-1,Kamphaeng Phet
z7ws,Somjai Phochana Rhantamsang,Thai,4.7,(1000+),Kamphaeng Phet
tf57,Kauy Tod Pa Rin,Thai,3.7,-21,Kamphaeng Phet
x4gj,Ko Ruay Noodle,Thai,4.7,(500+),Kamphaeng Phet
f8la,Kaithod Racha,Thai,4.6,(100+),Kamphaeng Phet
y14y,Mhala Aroi Mai Sum Grill,Chinese,4.1,-9,Kamphaeng Phet
c2se,Kimchon,Korean,4.5,(1000+),Kamphaeng Phet
ckqi,Champ noodles Kalothai,Thai,4.9,-98,Kamphaeng Phet
x2qo,Cheeva Crepe Florida,Thai,4.7,(500+),Kamphaeng Phet
a4in,Yum Saderd,Thai,4.2,(100+),Kamphaeng Phet
a8qt,Kanom Tokyo Chainat,Thai,4.6,(100+),Kamphaeng Phet
m0st,Kuai Tiew Na Bar,Thai,4.7,(500+),Kamphaeng Phet
pnh7,Game Tod Krathiam,Thai,4.8,-16,Kamphaeng Phet
a7kk,Kanom Tokyo Namoa,Asian,4.9,-67,Kamphaeng Phet
b0rz,Ton Sai,Thai,4.8,(100+),Kamphaeng Phet
b3tv,S.Roti Florida,Thai,4.8,(100+),Kamphaeng Phet
z9dl,Long Do Kamphaengphet,Thai,4.5,(500+),Kamphaeng Phet
y1mk,Lumsome Kua jub Moo krob,Thai,4.1,(100+),Kamphaeng Phet
n0es,Manood Cha (Lotus Kamphaeng Phet),Beverages,4.4,-80,Kamphaeng Phet
q1mc,Khrua Sia Kheng,Thai,4.7,(500+),Kamphaeng Phet
e0nl,Kuay Tiew Pha Pha,Thai,4.6,(100+),Kamphaeng Phet
a1hc,Phoo Jad Kan Khao Nueng,Thai,4.6,(100+),Kamphaeng Phet
s2wj,Kooloo Chanomniew and Kooloo Mala,Chinese,4.2,(100+),Kamphaeng Phet
wygd,Arnon Kanom Whan Kanom Thai and Bakery,Thai,2.4,-2,Kamphaeng Phet
y5ac,Shy See Bamee Kaew At Paksoi Panit,Thai,4.8,(1000+),Kamphaeng Phet
zgrw,Krua Jira Yumzap Tamsung Guay Tiew Ruea Lookchin Tod,Thai,4.9,-40,Kamphaeng Phet
t684,Ka Prao Rider,Thai,4.6,-14,Kamphaeng Phet
a2rb,Tamsang Yee diew,Thai,3.8,(100+),Kamphaeng Phet
xxck,Kom Khaow Tom,Thai,4.8,(100+),Kamphaeng Phet
xkti,Tum Krok Tak (Lotus Kamphaeng Phet),Thai,4.9,-33,Kamphaeng Phet
qfd5,Padthai Yai Lamom Kanom Bueang Kai Guay Tieo Sut Sukhothai,Thai,4,-16,Kamphaeng Phet
e4l9,Moo Joom Kamphaeng Phet at Kalothai,Thai,4.8,(100+),Kamphaeng Phet
o2fg,Kuay Tot Ban Kong Kwan,Thai,4.9,-93,Kamphaeng Phet
h4uq,Khao Kang Pa Kram,Thai,4.8,(100+),Kamphaeng Phet
yjsh,Steak Bar (Kamphaeng Phet),Western,4.8,-15,Kamphaeng Phet
c6ts,Nam Ngiew Mueang Nua by Kuay Tod Nay Pan,Thai,4.1,(100+),Kamphaeng Phet
wx2h,Switch on Black Cocoa and Krua Jira,Beverages,4.8,-13,Kamphaeng Phet
fyxv,Pizza hut (Kamphaengphet),Italian,4.8,(500+),Kamphaeng Phet
sqpi,Tum Zaab Pak Rabert,Thai,2.8,-15,Kamphaeng Phet
a2un,Mala By The Road,Chinese,4.5,(500+),Kamphaeng Phet
dado,Klom Kloam Jaw Hon,Thai,4.7,-69,Kamphaeng Phet
s3tf,Yum Zab and Auan Sai Yang,Thai,4.6,-85,Kamphaeng Phet
e0ok,Kao Man Kai Lam Sam,Thai,4.4,-51,Kamphaeng Phet
x2gi,Medee Mini Cafe,Thai,4.7,(1000+),Kamphaeng Phet
x9oi,Kra pao nai soi by Crepe Kai Thoon,Desserts,4.6,(500+),Kamphaeng Phet
f1jb,Nong Shell Plamuenk sod Yak,Thai,4.5,(100+),Kamphaeng Phet
y7sy,Khao Kang Mae Lamyai,Thai,4.5,(100+),Kamphaeng Phet
ujiy,Arhan Clean Double B,Thai,5,-45,Kamphaeng Phet
s8q2,Pingyang Mala Good Idea,Thai,4.4,-75,Kamphaeng Phet
q7ci,ZabZeed By P Mol,Thai,4,-29,Kamphaeng Phet
mjk8,Kauy Tiew Tomyum See Krong Moo Toon,Thai,3.8,-42,Kamphaeng Phet
y6es,Jaewhon Yangterk,Thai,4.4,(100+),Kamphaeng Phet
a1eg,Krua Jao Praya,Thai,1.7,-10,Kamphaeng Phet
y7of,Pizza Street,Italian,4.7,(500+),Kamphaeng Phet
clx5,Gyoza Song Khrueng by Ice Oil (Bang Sai),Thai,4.9,-13,Kamphaeng Phet
g0hd,Kuay Tiew Ped Lertchai,Thai,4.4,(100+),Kamphaeng Phet
a3pd,Lung Rob Tam Sang,Thai,4.8,(3000+),Kamphaeng Phet
c1xk,Je Dang Tamsang,Thai,4.6,(100+),Kamphaeng Phet
x6fc,Tum Tid Pak,Thai,4.4,(1000+),Kamphaeng Phet
a3ix,Best Bakery,International,5,-25,Kamphaeng Phet
a6kw,mhoo tod mhoo yim,Thai,4.3,-74,Kamphaeng Phet
a4cs,Tiew Rimrua Kai Toon Mara,Thai,4.6,(100+),Kamphaeng Phet
uj7h,Choco Bee,Asian,3.1,-30,Kamphaeng Phet
mdh2,Guay Tiew Num Chai (Kamphaeng Phet),Asian,5,-3,Kamphaeng Phet
l2cb,R Han Tamsang Home i Tim,Thai,4.3,(100+),Kamphaeng Phet
a2dm,Zab Nua Krua E-San,Thai,3.8,(100+),Kamphaeng Phet
h5wr,Nam Tao Hoo 100 Percent,Beverages,4.6,(100+),Kamphaeng Phet
e84s,Porz Coffee,Beverages,3.1,-53,Kamphaeng Phet
sj5i,Bua Pan Sai by Phat Sai Pay,Thai,4.9,-5,Kamphaeng Phet
x4yq,Tam Raet Sep Nua,Thai,3.9,(1000+),Kamphaeng Phet
ulxt,Krua Lang Baan (Nong Pling),Fast Food,4.9,-10,Kamphaeng Phet
x7gg,Ko sa Noodle,Thai,4.5,(100+),Kamphaeng Phet
x8qm,Chay See Mee Kieaw (4 Yaek Makro),Thai,4.7,(100+),Kamphaeng Phet
sej6,Wa Grill Yakiniku (Kamphaeng Phet),American,4.7,-19,Kamphaeng Phet
c0oh,Som Tum Kok Yak,Thai,4.1,(1000+),Kamphaeng Phet
x2ww,Miang Pla Pao U-Turn,Thai,4.6,(500+),Kamphaeng Phet
g9hx,Somtam Kod Zab Tam Nua,Thai,4.4,-70,Kamphaeng Phet
cild,Kuai Tiao Tao Than (Soi Panich),Thai,4.8,-6,Kamphaeng Phet
x8ry,Rad Na Khiang Empire Kamphaeng Phet,Thai,4.6,(500+),Kamphaeng Phet
warn,Por Pia (Soi Panit),International,3.6,-2,Kamphaeng Phet
x4px,Kra Phera lung Hrang,Thai,4.7,(100+),Kamphaeng Phet
a6mp,Nam Khang Sai Mae Jae,Thai,4.9,(100+),Kamphaeng Phet
e4k6,Yang Hai Premium,Thai,4.8,(100+),Kamphaeng Phet
yfln,Salad Me,International,4.7,-26,Kamphaeng Phet
y8eu,Shabu Moo Ood (Kamphaengphet),Thai,4.7,(100+),Kamphaeng Phet
m8ww,Zab Sood Sak,Thai,4.5,(1000+),Kamphaeng Phet
ofnf,Yok Shot,Thai,3.2,-14,Kamphaeng Phet
y4ar,Guay Jop Na Ran Bank Tora l Sia,Thai,4.6,(100+),Kamphaeng Phet
y8ak,Rook Jeab,Thai,4.5,(100+),Kamphaeng Phet
nd3i,Sang Katiew by Tuk,Thai,4.7,-20,Kamphaeng Phet
uoea,Yum station (rat ruam chai),Thai,4.7,-27,Kamphaeng Phet
ebsb,Long Dong Yum (Kamphaeng Phet),Thai,4.9,-29,Kamphaeng Phet
c3lf,Coffee and Sandwich by S,Beverages,4.7,(100+),Kamphaeng Phet
b0ea,Mala Tunglak,Chinese,4.7,(100+),Kamphaeng Phet
ma39,Takoyaki Sai Teak,Japanese,5,-23,Kamphaeng Phet
z5fa,Mister Donut (Big C Kamphaeng Phet),American,4.7,(100+),Kamphaeng Phet
x1zz,The Pizza Company (Big C Kamphaengphet),Italian,4.7,(1000+),Kamphaeng Phet
h1nc,4 Monkeys Healthy,Beverages,4.1,-77,Kamphaeng Phet
s87l,Krua Mae Jiab,Thai,4.5,(100+),Kamphaeng Phet
mmrs,Khaowtom Ruamthai,Thai,4.7,(100+),Kamphaeng Phet
q1nn,Krua P Karn,Thai,4.4,(500+),Kamphaeng Phet
m3hm,Yang Yuan Vietnam,Asian,4.5,(100+),Kamphaeng Phet
a1bh,Dairy Queen (Big C Kamphengphet),Thai,4.6,(100+),Kamphaeng Phet
h9ic,Noodle Ko Yuan by Jintana,Thai,4.5,-56,Kamphaeng Phet
s7jt,Krua Bai Tong,Thai,4.3,(100+),Kamphaeng Phet
dqci,S&P Bakery Shop (Big C Kamphaeng Phet),International,4.4,-20,Kamphaeng Phet
ht0w,Somtam Luang Phra Bang (Mueang Kamphaeng Phet),Thai,4.6,-58,Kamphaeng Phet
s4vh,Guay Tiew Nuea Pueai Lae Arhan Tam Sung Je Mam,Thai,4.2,-4,Kamphaeng Phet
n13d,Arhan Tamsang Khrua Woy Way,Thai,4.9,-45,Kamphaeng Phet
sy4l,Pla Muek Yang Sri Charoen,Thai,5,-1,Kamphaeng Phet
nx3b,Bar B Q Plaza (Big C Kamphaengphet),Asian,4.9,(100+),Kamphaeng Phet
vsl5,Arigato (Big C Kamphaeng Phet),Beverages,5,-40,Kamphaeng Phet
f5dr,Look Chin Thip (Makro Kamphaengphet),Thai,2.5,-4,Kamphaeng Phet
a4kp,Sam Lao Tum Zap,Thai,4.6,(500+),Kamphaeng Phet
f1bq,Popcorn Major (Major Cineplex Big C Kamphaengphet),International,4.8,(100+),Kamphaeng Phet
z1yp,Tum Loei Na Kamphang,Thai,4.3,(500+),Kamphaeng Phet
ozqh,Guay Tiew Tom Yum Mae Yai,Beverages,5,-50,Kamphaeng Phet
k2gf,Big B Coffee 2,Beverages,4.9,-12,Kamphaeng Phet
e0e0,Miracle Coffee,Beverages,5,-1,Kamphaeng Phet
grwz,Khaow Khai Jeaw Song Khrueang Tuek Khiao,Thai,4.8,-56,Kamphaeng Phet
g7y9,Krua Phat Thira,Thai,5,-3,Kamphaeng Phet
yrl7,Chester's (PTT Slokbat),International,5,-44,Kamphaeng Phet
x8th,Crepe kon kampheang,Thai,4.3,-52,Kamphaeng Phet
d6wr,Swensen's (Robinson Kampeangpetch),American,4.7,(100+),Kamphaeng Phet
o0tv,MK Restaurant (Robinson Kamphaeng Phet),Thai,4.9,-85,Kamphaeng Phet
ya35,Imjung 25 Bath,Thai,4.6,(100+),Kamphaeng Phet
quvx,Pedpalo Khamoo Noomai Saka 2,Thai,4.6,(100+),Kamphaeng Phet
b5yw,Jae Su Ar Han Tam Sang,Thai,4.6,(100+),Kamphaeng Phet
ibb5,Kanom Krok Sai Talak Robinson KamphaengPhet,Thai,4.3,-37,Kamphaeng Phet
bzpg,Khaow Niew hor ban Eua,Thai,4.8,-76,Kamphaeng Phet
g3mm,Pan Moh,Thai,4.5,(500+),Kamphaeng Phet
a7yr,Pun Po Ma Phraw Phea Nom Sod,Beverages,4.6,(100+),Kamphaeng Phet
d0po,Phueng Noi Bakery (Kamphaeng Phet),Thai,4.9,-28,Kamphaeng Phet
d6pi,NOKUCHA (Robinson Kamphaeng Phet),Beverages,4.6,(100+),Kamphaeng Phet
x8on,Auntie Anne's (Robinson Kampangphet),American,4.7,(100+),Kamphaeng Phet
d0pj,Shabushi (Robinson Kampaengpet),Japanese,4.8,(100+),Kamphaeng Phet
d6xl,Lab YaSo Ahan Tamsang,Thai,3.9,(100+),Kamphaeng Phet
o8vj,Kab Klam,Thai,3.9,-99,Kamphaeng Phet
vpig,Double S Skate Park and Cafe,International,5,-29,Kamphaeng Phet
cue2,Crepe by Jang,Thai,4.2,(100+),Kamphaeng Phet
f8hp,Mister Shabu Siap Mai Robinson,Thai,4.5,-51,Kamphaeng Phet
lrji,Oishi Kitchen (Robinson Kamphaeng Phet),Japanese,5,-36,Kamphaeng Phet
mjc1,Ran Chomtung,Asian,4.1,(100+),Kamphaeng Phet
s3my,Yayoi Restaurant (Robinson Kamphaeng Phet),Japanese,4.9,(500+),Kamphaeng Phet
gqu7,A T Good View,Beverages,5,-30,Kamphaeng Phet
